label,text
0,"Hi there, this is a legitimate email from your friend. Let's catch up soon!"
1,"Congratulations! You've won a free iPhone. Click here to claim your prize now!"
0,"Hey, could you please review the attached document and provide your feedback?"
1,"URGENT: You've been selected for a special offer. Act now to receive exclusive discounts!"
0,"Meeting reminder: Our team meeting is scheduled for tomorrow at 3 PM. Don't forget!"
1,"You're a winner! Claim your $1,000,000 cash prize by responding to this email."
0,"Hi, hope you're doing well. Here's the report you requested. Let me know if you need anything else."
1,"Limited-time offer: Double your money in just one week! Reply to get started."
0,"Please find the invoice attached for your reference. Let me know if you have any questions."
1,"You've been pre-approved for a loan. Click here to secure your funds now!"
